TimeStamp,Price,Area,PriceSqm,Rooms,Type,ApartmentFloor,TotalFloors,Year,Link,City,Neighborhood,Street
5/30/2022,48700,25,1948,1,1 kambario butas ,3,5,1980,https://domoplius.lt/skelbimai/parduodamas-1-kambario-butas-vilniuje-naujininkuose-saltkalviu-g-7593853.html,Vilnius, Naujininkuose, Šaltkalviu g.
5/30/2022,239000,79,3025.316456,4,4 kambariu butas ,3,3,2018,https://domoplius.lt/skelbimai/parduodamas-4-kambariu-butas-vilniuje-bendoreliuose-bendoriu-g-7604353.html,Vilnius, Bendoreliuose, Bendoriu g.
5/30/2022,160000,90,1777.777778,4,4 kambariu butas ,2,3,2021,https://domoplius.lt/skelbimai/parduodamas-4-kambariu-butas-vilniuje-pilaiteje-dituvos-g-7604734.html,Vilnius, Pilaiteje, Dituvos g.
5/30/2022,212000,58.82,3604.216253,3,3 kambariu butas ,8,8,2022,https://domoplius.lt/skelbimai/parduodamas-3-kambariu-butas-vilniuje-pilaiteje-karaliauciaus-g-7606135.html,Vilnius, Pilaiteje, Karaliauciaus g.
5/30/2022,147900,53.68,2755.216095,3,3 kambariu butas ,2,8,2022,https://domoplius.lt/skelbimai/parduodamas-3-kambariu-butas-vilniuje-pilaiteje-giluzio-g-7603201.html,Vilnius, Pilaiteje, Gilužio g.
5/30/2022,111200,38.27,2905.670238,2,2 kambariu butas ,2,8,2022,https://domoplius.lt/skelbimai/parduodamas-2-kambariu-butas-vilniuje-pilaiteje-karaliauciaus-g-7606132.html,Vilnius, Pilaiteje, Karaliauciaus g.
5/30/2022,169400,62.05,2730.056406,3,3 kambariu butas ,3,8,2022,https://domoplius.lt/skelbimai/parduodamas-3-kambariu-butas-vilniuje-pilaiteje-giluzio-g-7606138.html,Vilnius, Pilaiteje, Gilužio g.
5/30/2022,235000,136.49,1721.737856,4,4 kambariu butas ,1,2,2020,https://domoplius.lt/skelbimai/parduodamas-4-kambariu-butas-vilniuje-santariskese-santariskiu-g-7603207.html,Vilnius, Santariškese, Santariškiu g.
5/30/2022,22500,8,2812.5,1,1 kambario butas ,4,5,1977,https://domoplius.lt/skelbimai/parduodamas-1-kambario-butas-vilniuje-naujamiestyje-gelezinio-vilko-g-7605934.html,Vilnius, Naujamiestyje, Geležinio Vilko g.
5/30/2022,70000,33,2121.212121,2,2 kambariu butas ,3,3,2021,https://domoplius.lt/skelbimai/parduodamas-2-kambariu-butas-vilniuje-baltupiuose-kalvariju-g-7602907.html,Vilnius, Baltupiuose, Kalvariju g.
5/30/2022,202000,46,4391.304348,2,2 kambariu butas ,6,7,2017,https://domoplius.lt/skelbimai/parduodamas-2-kambariu-butas-vilniuje-naujamiestyje-7601071.html,Vilnius, Naujamiestyje,NULL
5/30/2022,139000,36,3861.111111,1,1 kambario butas ,2,7,2014,https://domoplius.lt/skelbimai/parduodamas-1-kambario-butas-vilniuje-snipiskese-kernaves-g-7590097.html,Vilnius, Šnipiškese, Kernaves g.
5/30/2022,42000,25,1680,1,1 kambario butas ,3,4,2016,https://domoplius.lt/skelbimai/parduodamas-1-kambario-butas-vilniuje-kirtimuose-meistru-g-7466479.html,Vilnius, Kirtimuose, Meistru g.
5/30/2022,60000,48,1250,2,2 kambariu butas ,1,1,1940,https://domoplius.lt/skelbimai/parduodamas-2-kambariu-butas-vilniuje-markuciuose-markuciu-g-7409713.html,Vilnius, Markuciuose, Markuciu g.
5/30/2022,138000,51,2705.882353,2,2 kambariu butas ,5,5,1975,https://domoplius.lt/skelbimai/parduodamas-2-kambariu-butas-vilniuje-snipiskese-giedraiciu-g-7606792.html,Vilnius, Šnipiškese, Giedraiciu g.
5/30/2022,200000,52.4,3816.793893,2,2 kambariu butas ,2,NULL,1940,https://domoplius.lt/skelbimai/parduodamas-2-kambariu-butas-vilniuje-senamiestyje-siauliu-g-7606597.html,Vilnius, Senamiestyje, Šiauliu g.
5/30/2022,114000,47,2425.531915,2,2 kambariu butas ,2,5,1975,https://domoplius.lt/skelbimai/parduodamas-2-kambariu-butas-vilniuje-snipiskese-giedraiciu-g-7606612.html,Vilnius, Šnipiškese, Giedraiciu g.
5/30/2022,160000,44.63,3585.032489,2,2 kambariu butas ,5,NULL,2021,https://domoplius.lt/skelbimai/parduodamas-2-kambariu-butas-vilniuje-naujamiestyje-a-vivulskio-g-7606594.html,Vilnius, Naujamiestyje, A. Vivulskio g.
5/30/2022,210000,53,3962.264151,2,2 kambariu butas ,2,4,1954,https://domoplius.lt/skelbimai/parduodamas-2-kambariu-butas-vilniuje-senamiestyje-algirdo-g-7606495.html,Vilnius, Senamiestyje, Algirdo g.
5/30/2022,379000,98.96,3829.830234,4,4 kambariu butas ,4,5,1914,https://domoplius.lt/skelbimai/parduodamas-4-kambariu-butas-vilniuje-naujamiestyje-a-domaseviciaus-g-7606480.html,Vilnius, Naujamiestyje, A. Domaševiciaus g.
5/30/2022,132500,61,2172.131148,3,3 kambariu butas ,1,2,2022,https://domoplius.lt/skelbimai/parduodamas-3-kambariu-butas-vilniuje-pilaiteje-7606441.html,Vilnius, Pilaiteje,NULL
5/30/2022,150000,70.29,2134.016219,3,3 kambariu butas ,1,NULL,1940,https://domoplius.lt/skelbimai/parduodamas-3-kambariu-butas-vilniuje-snipiskese-kalvariju-g-7606234.html,Vilnius, Šnipiškese, Kalvariju g.
5/30/2022,79900,74.81,1068.039032,4,4 kambariu butas ,2,2,1940,https://domoplius.lt/skelbimai/parduodamas-4-kambariu-butas-vilniuje-aukstieji-paneriai-kadugiu-g-7606264.html,Vilnius, Aukštieji Paneriai, Kadugiu g.
5/30/2022,169900,43.88,3871.923428,3,3 kambariu butas ,5,9,2016,https://domoplius.lt/skelbimai/parduodamas-3-kambariu-butas-vilniuje-naujamiestyje-gelezinio-vilko-g-7606270.html,Vilnius, Naujamiestyje, Geležinio Vilko g.
5/30/2022,123000,41.35,2974.607013,2,2 kambariu butas ,6,9,2014,https://domoplius.lt/skelbimai/parduodamas-2-kambariu-butas-vilniuje-pilaiteje-vyduno-g-7606276.html,Vilnius, Pilaiteje, Vyduno g.
5/30/2022,229000,118.11,1938.870544,3,3 kambariu butas ,1,NULL,1940,https://domoplius.lt/skelbimai/parduodamas-3-kambariu-butas-vilniuje-snipiskese-kalvariju-g-7606243.html,Vilnius, Šnipiškese, Kalvariju g.
5/30/2022,79900,74.81,1068.039032,3,3 kambariu butas ,2,2,1940,https://domoplius.lt/skelbimai/parduodamas-3-kambariu-butas-vilniuje-paneriuose-kadugiu-g-7606267.html,Vilnius, Paneriuose, Kadugiu g.
5/30/2022,320000,100,3200,3,3 kambariu butas ,1,NULL,1940,https://domoplius.lt/skelbimai/parduodamas-3-kambariu-butas-vilniuje-senamiestyje-m-dauksos-g-7606237.html,Vilnius, Senamiestyje, M. Daukšos g.
5/30/2022,169900,43.88,3871.923428,2,2 kambariu butas ,5,9,2016,https://domoplius.lt/skelbimai/parduodamas-2-kambariu-butas-vilniuje-naujamiestyje-gelezinio-vilko-g-7606252.html,Vilnius, Naujamiestyje, Geležinio Vilko g.
5/30/2022,109990,46.39,2370.985126,2,2 kambariu butas ,2,5,2020,https://domoplius.lt/skelbimai/parduodamas-2-kambariu-butas-vilniuje-vilkpedeje-titnago-g-7606255.html,Vilnius, Vilkpedeje, Titnago g.
5/30/2022,66000,12.68,5205.047319,1,1 kambario butas ,4,NULL,2015,https://domoplius.lt/skelbimai/parduodamas-1-kambario-butas-vilniuje-naujamiestyje-kauno-g-7606087.html,Vilnius, Naujamiestyje, Kauno g.
5/30/2022,169000,57,2964.912281,2,2 kambariu butas ,1,NULL,2007,https://domoplius.lt/skelbimai/parduodamas-2-kambariu-butas-vilniuje-vilkpedeje-slaito-g-7606084.html,Vilnius, Vilkpedeje, Šlaito g.
5/30/2022,169000,57,2964.912281,2,2 kambariu butas ,1,NULL,2007,https://domoplius.lt/skelbimai/parduodamas-2-kambariu-butas-vilniuje-naujamiestyje-slaito-g-7606081.html,Vilnius, Naujamiestyje, Šlaito g.
5/30/2022,120000,59,2033.898305,3,3 kambariu butas ,5,5,1962,https://domoplius.lt/skelbimai/parduodamas-3-kambariu-butas-vilniuje-antakalnyje-svyturio-g-7605997.html,Vilnius, Antakalnyje, Švyturio g.
5/30/2022,130000,46,2826.086957,2,2 kambariu butas ,4,5,1962,https://domoplius.lt/skelbimai/parduodamas-2-kambariu-butas-vilniuje-antakalnyje-pauliaus-sirvio-g-7606000.html,Vilnius, Antakalnyje, Pauliaus Širvio g.
5/30/2022,299900,108.11,2774.026455,4,4 kambariu butas ,11,NULL,2007,https://domoplius.lt/skelbimai/parduodamas-4-kambariu-butas-vilniuje-verkiuose-trinapolio-g-7605874.html,Vilnius, Verkiuose, Trinapolio g.
5/30/2022,299900,108.11,2774.026455,3,3 kambariu butas ,11,NULL,2007,https://domoplius.lt/skelbimai/parduodamas-3-kambariu-butas-vilniuje-verkiuose-trinapolio-g-7605877.html,Vilnius, Verkiuose, Trinapolio g.
5/30/2022,299900,108.11,2774.026455,4,4 kambariu butas ,11,NULL,2007,https://domoplius.lt/skelbimai/parduodamas-4-kambariu-butas-vilniuje-baltupiuose-trinapolio-g-7605871.html,Vilnius, Baltupiuose, Trinapolio g.
5/30/2022,59900,39.26,1525.72593,2,2 kambariu butas ,1,5,1985,https://domoplius.lt/skelbimai/parduodamas-2-kambariu-butas-vilniuje-naujoji-vilnia-parko-g-7605697.html,Vilnius, Naujoji Vilnia, Parko g.
5/30/2022,145000,67,2164.179104,3,3 kambariu butas ,2,12,1970,https://domoplius.lt/skelbimai/parduodamas-3-kambariu-butas-vilniuje-lazdynuose-architektu-g-7605613.html,Vilnius, Lazdynuose, Architektu g.
5/30/2022,169000,39.6,4267.676768,2,2 kambariu butas ,6,9,2021,https://domoplius.lt/skelbimai/parduodamas-2-kambariu-butas-vilniuje-zirmunuose-verkiu-g-7605544.html,Vilnius, Žirmunuose, Verkiu g.
5/30/2022,250000,77.03,3245.488771,3,3 kambariu butas ,2,3,2007,https://domoplius.lt/skelbimai/parduodamas-3-kambariu-butas-vilniuje-antakalnyje-pylimeliu-g-7605547.html,Vilnius, Antakalnyje, Pylimeliu g.
5/30/2022,86000,47.42,1813.580768,2,2 kambariu butas ,1,5,1976,https://domoplius.lt/skelbimai/parduodamas-2-kambariu-butas-vilniuje-virsuliskese-sesuoliu-g-7605526.html,Vilnius, Viršuliškese, Šešuoliu g.
5/30/2022,525000,148.81,3527.98871,5,5 kambariu butas ,2,3,1940,https://domoplius.lt/skelbimai/parduodamas-5-kambariu-butas-vilniuje-naujamiestyje-vinco-kudirkos-g-7605322.html,Vilnius, Naujamiestyje, Vinco Kudirkos g.
5/30/2022,198274,74.26,2669.997307,3,3 kambariu butas ,7,9,2021,https://domoplius.lt/skelbimai/parduodamas-3-kambariu-butas-vilniuje-virsuliskese-spaudos-g-7605241.html,Vilnius, Viršuliškese, Spaudos g.
5/30/2022,299000,66.39,4503.690315,3,3 kambariu butas ,5,5,1912,https://domoplius.lt/skelbimai/parduodamas-3-kambariu-butas-vilniuje-senamiestyje-zygimantu-g-7605292.html,Vilnius, Senamiestyje, Žygimantu g.
5/30/2022,178400,67.32,2650.029709,3,3 kambariu butas ,1,9,2021,https://domoplius.lt/skelbimai/parduodamas-3-kambariu-butas-vilniuje-virsuliskese-spaudos-g-7605235.html,Vilnius, Viršuliškese, Spaudos g.
5/30/2022,220886,83.04,2659.995183,3,3 kambariu butas ,7,9,2021,https://domoplius.lt/skelbimai/parduodamas-3-kambariu-butas-vilniuje-virsuliskese-spaudos-g-7605253.html,Vilnius, Viršuliškese, Spaudos g.
5/30/2022,196551,74.17,2650.006741,3,3 kambariu butas ,2,9,2021,https://domoplius.lt/skelbimai/parduodamas-3-kambariu-butas-vilniuje-virsuliskese-spaudos-g-7605256.html,Vilnius, Viršuliškese, Spaudos g.
5/30/2022,181900,67.37,2700.014843,3,3 kambariu butas ,9,9,2021,https://domoplius.lt/skelbimai/parduodamas-3-kambariu-butas-vilniuje-virsuliskese-spaudos-g-7605238.html,Vilnius, Viršuliškese, Spaudos g.
5/30/2022,199017,74.26,2680.002693,3,3 kambariu butas ,8,9,2021,https://domoplius.lt/skelbimai/parduodamas-3-kambariu-butas-vilniuje-virsuliskese-spaudos-g-7605244.html,Vilnius, Viršuliškese, Spaudos g.
5/30/2022,200502,74.26,2700,3,3 kambariu butas ,9,9,2021,https://domoplius.lt/skelbimai/parduodamas-3-kambariu-butas-vilniuje-virsuliskese-spaudos-g-7605247.html,Vilnius, Viršuliškese, Spaudos g.
5/30/2022,224208,83.04,2700,3,3 kambariu butas ,9,9,2021,https://domoplius.lt/skelbimai/parduodamas-3-kambariu-butas-vilniuje-virsuliskese-spaudos-g-7605250.html,Vilnius, Viršuliškese, Spaudos g.
5/30/2022,79800,32.59,2448.603866,1,1 kambario butas ,7,9,1978,https://domoplius.lt/skelbimai/parduodamas-1-kambario-butas-vilniuje-pasilaiciuose-justiniskiu-g-7605301.html,Vilnius, Pašilaiciuose, Justiniškiu g.
5/30/2022,320000,107.14,2986.746313,3,3 kambariu butas ,2,NULL,1997,https://domoplius.lt/skelbimai/parduodamas-3-kambariu-butas-vilniuje-zveryne-stirnu-g-7605148.html,Vilnius, Žveryne, Stirnu g.
5/30/2022,320000,107.14,2986.746313,4,4 kambariu butas ,2,NULL,1997,https://domoplius.lt/skelbimai/parduodamas-4-kambariu-butas-vilniuje-zveryne-stirnu-g-7605145.html,Vilnius, Žveryne, Stirnu g.
5/30/2022,265000,70.72,3747.171946,3,3 kambariu butas ,2,3,2007,https://domoplius.lt/skelbimai/parduodamas-3-kambariu-butas-vilniuje-zveryne-paribio-g-7605079.html,Vilnius, Žveryne, Paribio g.
5/30/2022,69500,27.37,2539.27658,2,2 kambariu butas ,9,9,1972,https://domoplius.lt/skelbimai/parduodamas-2-kambariu-butas-vilniuje-naujininkuose-saltkalviu-g-7605088.html,Vilnius, Naujininkuose, Šaltkalviu g.
5/30/2022,39999,28.25,1415.893805,2,2 kambariu butas ,1,2,1940,https://domoplius.lt/skelbimai/parduodamas-2-kambariu-butas-vilniuje-naujininkuose-a-jaroseviciaus-g-7604974.html,Vilnius, Naujininkuose, A. Jaroševiciaus g.
5/30/2022,135000,35.86,3764.640268,1,1 kambario butas ,1,3,1940,https://domoplius.lt/skelbimai/parduodamas-1-kambario-butas-vilniuje-snipiskese-kalvariju-g-7604953.html,Vilnius, Šnipiškese, Kalvariju g.
5/30/2022,110000,47,2340.425532,2,2 kambariu butas ,4,5,1968,https://domoplius.lt/skelbimai/parduodamas-2-kambariu-butas-vilniuje-zirmunuose-tuskulenu-g-7604896.html,Vilnius, Žirmunuose, Tuskulenu g.
5/30/2022,51000,21,2428.571429,1,1 kambario butas ,9,9,1972,https://domoplius.lt/skelbimai/parduodamas-1-kambario-butas-vilniuje-naujininkuose-saltkalviu-g-7604785.html,Vilnius, Naujininkuose, Šaltkalviu g.
5/30/2022,192000,56,3428.571429,2,2 kambariu butas ,2,6,1955,https://domoplius.lt/skelbimai/parduodamas-2-kambariu-butas-vilniuje-senamiestyje-j-basanaviciaus-g-7604596.html,Vilnius, Senamiestyje, J. Basanaviciaus g.
5/30/2022,180000,66.73,2697.437434,2,2 kambariu butas ,3,11,1981,https://domoplius.lt/skelbimai/parduodamas-2-kambariu-butas-vilniuje-snipiskese-seimyniskiu-g-7604569.html,Vilnius, Šnipiškese, Šeimyniškiu g.
5/30/2022,440000,72,6111.111111,3,"3 kambariu butas Vilnius, ",2,3,1940,https://domoplius.lt/skelbimai/parduodamas-3-kambariu-butas-vilnius-vilniuje-subaciaus-g-7604566.html,Vilnius, Subaciaus g.,NULL
5/30/2022,145000,73,1986.30137,3,3 kambariu butas ,1,12,1983,https://domoplius.lt/skelbimai/parduodamas-3-kambariu-butas-vilniuje-naujininkuose-tyzenhauzu-g-7604494.html,Vilnius, Naujininkuose, Tyzenhauzu g.
5/30/2022,70000,33,2121.212121,1,"1 kambario butas Vilnius, Šviesos g.",3,5,1973,https://domoplius.lt/skelbimai/parduodamas-1-kambario-butas-vilnius-sviesos-g-7604485.html,Vilnius,NULL,NULL
5/30/2022,286000,40.31,7095.013644,2,2 kambariu butas ,3,4,2020,https://domoplius.lt/skelbimai/parduodamas-2-kambariu-butas-vilniuje-senamiestyje-bazilijonu-g-7604419.html,Vilnius, Senamiestyje, Bazilijonu g.
5/30/2022,79500,28.66,2773.900907,1,1 kambario butas ,1,4,1959,https://domoplius.lt/skelbimai/parduodamas-1-kambario-butas-vilniuje-naujininkuose-zanavyku-g-7604422.html,Vilnius, Naujininkuose, Zanavyku g.
5/30/2022,107000,38.86,2753.474009,2,2 kambariu butas ,4,7,2022,https://domoplius.lt/skelbimai/parduodamas-2-kambariu-butas-vilniuje-naujininkuose-kapsu-g-7604464.html,Vilnius, Naujininkuose, Kapsu g.
5/30/2022,74000,33,2242.424242,1,1 kambario butas ,5,5,1974,https://domoplius.lt/skelbimai/parduodamas-1-kambario-butas-vilniuje-karoliniskese-vido-maciuleviciaus-g-7604404.html,Vilnius, Karoliniškese, Vido Maciuleviciaus g.
5/30/2022,139000,66.26,2097.796559,3,3 kambariu butas ,11,12,1976,https://domoplius.lt/skelbimai/parduodamas-3-kambariu-butas-vilniuje-naujininkuose-darbininku-g-7604473.html,Vilnius, Naujininkuose, Darbininku g.
5/30/2022,350000,104,3365.384615,4,4 kambariu butas ,3,4,1955,https://domoplius.lt/skelbimai/parduodamas-4-kambariu-butas-vilniuje-senamiestyje-m-valanciaus-g-7604293.html,Vilnius, Senamiestyje, M. Valanciaus g.
5/30/2022,549000,100,5490,3,3 kambariu butas ,2,3,2014,https://domoplius.lt/skelbimai/parduodamas-3-kambariu-butas-vilniuje-senamiestyje-traku-g-7604098.html,Vilnius, Senamiestyje, Traku g.
5/30/2022,69900,34,2055.882353,2,2 kambariu butas ,5,5,1978,https://domoplius.lt/skelbimai/parduodamas-2-kambariu-butas-vilniuje-jeruzaleje-ateities-g-7604065.html,Vilnius, Jeruzaleje, Ateities g.
5/30/2022,214000,53.6,3992.537313,2,2 kambariu butas ,5,6,1961,https://domoplius.lt/skelbimai/parduodamas-2-kambariu-butas-vilniuje-senamiestyje-a-vienuolio-g-7604023.html,Vilnius, Senamiestyje, A. Vienuolio g.
5/30/2022,239000,59.89,3990.649524,3,3 kambariu butas ,4,5,2021,https://domoplius.lt/skelbimai/parduodamas-3-kambariu-butas-vilniuje-naujamiestyje-gerosios-vilties-g-7604026.html,Vilnius, Naujamiestyje, Gerosios Vilties g.
5/30/2022,119300,42.76,2789.990645,2,2 kambariu butas ,9,16,2022,https://domoplius.lt/skelbimai/parduodamas-2-kambariu-butas-vilniuje-virsuliskese-juozo-rutkausko-g-7603822.html,Vilnius, Viršuliškese, Juozo Rutkausko g.
5/30/2022,109300,37.83,2889.241343,1,1 kambario butas ,8,16,2022,https://domoplius.lt/skelbimai/parduodamas-1-kambario-butas-vilniuje-virsuliskese-juozo-rutkausko-g-7603819.html,Vilnius, Viršuliškese, Juozo Rutkausko g.
5/30/2022,116700,37.65,3099.601594,1,1 kambario butas ,14,16,2022,https://domoplius.lt/skelbimai/parduodamas-1-kambario-butas-vilniuje-virsuliskese-juozo-rutkausko-g-7603825.html,Vilnius, Viršuliškese, Juozo Rutkausko g.
5/30/2022,119900,44.84,2673.951829,2,2 kambariu butas ,2,16,2022,https://domoplius.lt/skelbimai/parduodamas-2-kambariu-butas-vilniuje-virsuliskese-juozo-rutkausko-g-7603813.html,Vilnius, Viršuliškese, Juozo Rutkausko g.
5/30/2022,115300,43.19,2669.599444,2,2 kambariu butas ,4,16,2022,https://domoplius.lt/skelbimai/parduodamas-2-kambariu-butas-vilniuje-virsuliskese-juozo-rutkausko-g-7603816.html,Vilnius, Viršuliškese, Juozo Rutkausko g.
5/30/2022,127500,101,1262.376238,4,4 kambariu butas ,3,3,1956,https://domoplius.lt/skelbimai/parduodamas-4-kambariu-butas-vilniuje-zemieji-paneriai-savanoriu-pr-7603720.html,Vilnius, Žemieji Paneriai, Savanoriu pr.
5/30/2022,140000,46,3043.478261,2,2 kambariu butas ,2,NULL,1963,https://domoplius.lt/skelbimai/parduodamas-2-kambariu-butas-vilniuje-antakalnyje-p-vileisio-g-7603597.html,Vilnius, Antakalnyje, P. Vileišio g.
5/30/2022,90000,50,1800,2,2 kambariu butas ,1,9,1984,https://domoplius.lt/skelbimai/parduodamas-2-kambariu-butas-vilniuje-justiniskese-rygos-g-7603591.html,Vilnius, Justiniškese, Rygos g.
5/30/2022,490000,105.89,4627.443574,3,3 kambariu butas ,7,11,2008,https://domoplius.lt/skelbimai/parduodamas-3-kambariu-butas-vilniuje-snipiskese-a-juozapaviciaus-g-7603531.html,Vilnius, Šnipiškese, A. Juozapaviciaus g.
5/30/2022,190000,51.52,3687.888199,2,2 kambariu butas ,5,6,1953,https://domoplius.lt/skelbimai/parduodamas-2-kambariu-butas-vilniuje-centre-gedimino-pr-7603405.html,Vilnius, Centre, Gedimino pr.
5/30/2022,185000,94.15,1964.949549,4,4 kambariu butas ,3,5,1969,https://domoplius.lt/skelbimai/parduodamas-4-kambariu-butas-vilniuje-zirmunuose-tuskulenu-g-7603399.html,Vilnius, Žirmunuose, Tuskulenu g.
5/30/2022,325000,130,2500,2,2 kambariu butas ,4,4,1940,https://domoplius.lt/skelbimai/parduodamas-2-kambariu-butas-vilniuje-naujamiestyje-vytenio-g-7603306.html,Vilnius, Naujamiestyje, Vytenio g.
5/30/2022,113500,59.84,1896.724599,3,3 kambariu butas ,5,5,1966,https://domoplius.lt/skelbimai/parduodamas-3-kambariu-butas-vilniuje-zirmunuose-zirmunu-g-7603291.html,Vilnius, Žirmunuose, Žirmunu g.
5/30/2022,129500,74.07,1748.346159,2,2 kambariu butas ,1,5,2003,https://domoplius.lt/skelbimai/parduodamas-2-kambariu-butas-vilniuje-baltupiuose-kazio-borutos-g-7603129.html,Vilnius, Baltupiuose, Kazio Borutos g.
5/30/2022,185000,59.71,3098.308491,2,2 kambariu butas ,2,3,1950,https://domoplius.lt/skelbimai/parduodamas-2-kambariu-butas-vilniuje-naujamiestyje-savanoriu-pr-7603093.html,Vilnius, Naujamiestyje, Savanoriu pr.
5/30/2022,129500,74.07,1748.346159,3,3 kambariu butas ,1,5,2003,https://domoplius.lt/skelbimai/parduodamas-3-kambariu-butas-vilniuje-visoriuose-kazio-borutos-g-7603123.html,Vilnius, Visoriuose, Kazio Borutos g.
5/30/2022,420000,102,4117.647059,3,3 kambariu butas ,8,9,2008,https://domoplius.lt/skelbimai/parduodamas-3-kambariu-butas-vilniuje-snipiskese-konstitucijos-pr-7602844.html,Vilnius, Šnipiškese, Konstitucijos pr.
5/30/2022,152000,74.44,2041.91295,3,3 kambariu butas ,4,5,2014,https://domoplius.lt/skelbimai/parduodamas-3-kambariu-butas-vilniuje-pilaiteje-7602727.html,Vilnius, Pilaiteje,NULL
5/30/2022,260000,50.48,5150.554675,2,2 kambariu butas ,1,3,2020,https://domoplius.lt/skelbimai/parduodamas-2-kambariu-butas-vilniuje-naujamiestyje-saltiniu-g-7602667.html,Vilnius, Naujamiestyje, Šaltiniu g.
5/30/2022,107000,48.84,2190.827191,2,2 kambariu butas ,1,5,1967,https://domoplius.lt/skelbimai/parduodamas-2-kambariu-butas-vilniuje-zirmunuose-zirmunu-g-7602649.html,Vilnius, Žirmunuose, Žirmunu g.
5/30/2022,375000,81.98,4574.286411,3,3 kambariu butas ,4,5,1952,https://domoplius.lt/skelbimai/parduodamas-3-kambariu-butas-vilniuje-senamiestyje-gedimino-pr-7602628.html,Vilnius, Senamiestyje, Gedimino pr.
5/30/2022,375000,81.98,4574.286411,3,3 kambariu butas ,4,5,1952,https://domoplius.lt/skelbimai/parduodamas-3-kambariu-butas-vilniuje-naujamiestyje-gedimino-pr-7602631.html,Vilnius, Naujamiestyje, Gedimino pr.
5/30/2022,185000,94.15,1964.949549,5,5 kambariu butas ,3,5,1969,https://domoplius.lt/skelbimai/parduodamas-5-kambariu-butas-vilniuje-zirmunuose-tuskulenu-g-7602466.html,Vilnius, Žirmunuose, Tuskulenu g.
5/30/2022,119900,70.8,1693.502825,3,3 kambariu butas ,1,5,1974,https://domoplius.lt/skelbimai/parduodamas-3-kambariu-butas-vilniuje-rasos-liepkalnio-g-7602472.html,Vilnius, Rasos, Liepkalnio g.
5/30/2022,96000,41,2341.463415,1,1 kambario butas ,3,5,1997,https://domoplius.lt/skelbimai/parduodamas-1-kambario-butas-vilniuje-pasilaiciuose-laisves-pr-7602403.html,Vilnius, Pašilaiciuose, Laisves pr.
5/30/2022,200000,80,2500,3,3 kambariu butas ,5,9,2008,https://domoplius.lt/skelbimai/parduodamas-3-kambariu-butas-vilniuje-pasilaiciuose-perkunkiemio-g-7602178.html,Vilnius, Pašilaiciuose, Perkunkiemio g.
5/30/2022,249000,68,3661.764706,3,3 kambariu butas ,1,NULL,1940,https://domoplius.lt/skelbimai/parduodamas-3-kambariu-butas-vilniuje-senamiestyje-saltiniu-g-7602232.html,Vilnius, Senamiestyje, Šaltiniu g.
5/30/2022,195000,64,3046.875,3,3 kambariu butas ,4,5,1968,https://domoplius.lt/skelbimai/parduodamas-3-kambariu-butas-vilniuje-antakalnyje-zolyno-g-7602154.html,Vilnius, Antakalnyje, Žolyno g.
5/30/2022,81900,40,2047.5,1,1 kambario butas ,2,5,1990,https://domoplius.lt/skelbimai/parduodamas-1-kambario-butas-vilniuje-zemieji-paneriai-vaduvos-g-7602115.html,Vilnius, Žemieji Paneriai, Vaduvos g.
5/30/2022,77600,43,1804.651163,2,2 kambariu butas ,1,4,1959,https://domoplius.lt/skelbimai/parduodamas-2-kambariu-butas-vilniuje-naujamiestyje-vandentiekio-g-7601662.html,Vilnius, Naujamiestyje, Vandentiekio g.
5/30/2022,420000,60,7000,3,3 kambariu butas ,5,NULL,2016,https://domoplius.lt/skelbimai/parduodamas-3-kambariu-butas-vilniuje-senamiestyje-j-basanaviciaus-g-7601560.html,Vilnius, Senamiestyje, J. Basanaviciaus g.
5/30/2022,210000,94,2234.042553,4,4 kambariu butas ,1,NULL,2018,https://domoplius.lt/skelbimai/parduodamas-4-kambariu-butas-vilniuje-balsiuose-zelmenu-g-7601572.html,Vilnius, Balsiuose, Želmenu g.
5/30/2022,330000,55,6000,2,2 kambariu butas ,3,NULL,2006,https://domoplius.lt/skelbimai/parduodamas-2-kambariu-butas-vilniuje-senamiestyje-mesiniu-g-7601554.html,Vilnius, Senamiestyje, Mesiniu g.
5/30/2022,145000,48.51,2989.074418,3,3 kambariu butas ,5,11,2022,https://domoplius.lt/skelbimai/parduodamas-3-kambariu-butas-vilniuje-justiniskese-rygos-g-7601620.html,Vilnius, Justiniškese, Rygos g.
5/30/2022,175000,92.9,1883.745963,4,4 kambariu butas ,5,11,2022,https://domoplius.lt/skelbimai/parduodamas-4-kambariu-butas-vilniuje-justiniskese-rygos-g-7601626.html,Vilnius, Justiniškese, Rygos g.
5/30/2022,40500,13.05,3103.448276,1,1 kambario butas ,1,5,2021,https://domoplius.lt/skelbimai/parduodamas-1-kambario-butas-vilniuje-vilkpedeje-titnago-g-7601608.html,Vilnius, Vilkpedeje, Titnago g.
5/30/2022,220000,53,4150.943396,3,3 kambariu butas ,1,NULL,1960,https://domoplius.lt/skelbimai/parduodamas-3-kambariu-butas-vilniuje-senamiestyje-kastonu-g-7601551.html,Vilnius, Senamiestyje, Kaštonu g.
5/30/2022,155800,38,4100,1,1 kambario butas ,5,7,2018,https://domoplius.lt/skelbimai/parduodamas-1-kambario-butas-vilniuje-naujamiestyje-egliu-g-7601533.html,Vilnius, Naujamiestyje, Egliu g.
5/30/2022,44999,20.53,2191.865563,1,1 kambario butas ,10,12,1978,https://domoplius.lt/skelbimai/parduodamas-1-kambario-butas-vilniuje-naujamiestyje-skroblu-g-7601419.html,Vilnius, Naujamiestyje, Skroblu g.
5/30/2022,44999,30.39,1480.717341,1,1 kambario butas ,10,12,1978,https://domoplius.lt/skelbimai/parduodamas-1-kambario-butas-vilniuje-naujamiestyje-skroblu-g-7601422.html,Vilnius, Naujamiestyje, Skroblu g.
5/30/2022,44999,21.27,2115.608839,1,1 kambario butas ,12,12,1978,https://domoplius.lt/skelbimai/parduodamas-1-kambario-butas-vilniuje-naujamiestyje-skroblu-g-7601425.html,Vilnius, Naujamiestyje, Skroblu g.
5/30/2022,55999,24.36,2298.809524,1,1 kambario butas ,4,4,1958,https://domoplius.lt/skelbimai/parduodamas-1-kambario-butas-vilniuje-senamiestyje-subaciaus-g-7601416.html,Vilnius, Senamiestyje, Subaciaus g.
5/30/2022,160000,60,2666.666667,3,3 kambariu butas ,2,11,2022,https://domoplius.lt/skelbimai/parduodamas-3-kambariu-butas-vilniuje-justiniskese-rygos-g-7601410.html,Vilnius, Justiniškese, Rygos g.
5/30/2022,140000,54.21,2582.549345,2,2 kambariu butas ,10,11,2022,https://domoplius.lt/skelbimai/parduodamas-2-kambariu-butas-vilniuje-justiniskese-rygos-g-7601407.html,Vilnius, Justiniškese, Rygos g.
5/30/2022,114000,38.69,2946.497803,2,2 kambariu butas ,1,5,1997,https://domoplius.lt/skelbimai/parduodamas-2-kambariu-butas-vilniuje-pasilaiciuose-laisves-pr-7601161.html,Vilnius, Pašilaiciuose, Laisves pr.
5/30/2022,140000,64.62,2166.511916,3,3 kambariu butas ,1,2,2022,https://domoplius.lt/skelbimai/parduodamas-3-kambariu-butas-vilniuje-paneriuose-7601149.html,Vilnius, Paneriuose,NULL
5/30/2022,153500,52.96,2898.413897,2,2 kambariu butas ,1,5,2005,https://domoplius.lt/skelbimai/parduodamas-2-kambariu-butas-vilniuje-zirmunuose-v-nageviciaus-g-7600987.html,Vilnius, Žirmunuose, V. Nageviciaus g.
5/30/2022,72000,45.74,1574.114561,2,2 kambariu butas ,3,3,1958,https://domoplius.lt/skelbimai/parduodamas-2-kambariu-butas-vilniuje-zemieji-paneriai-vaduvos-g-7600990.html,Vilnius, Žemieji Paneriai, Vaduvos g.
5/30/2022,70000,33.23,2106.530244,1,1 kambario butas ,3,5,1973,https://domoplius.lt/skelbimai/parduodamas-1-kambario-butas-vilniuje-grigiskese-sviesos-g-7600711.html,Vilnius, Grigiškese, Šviesos g.
5/30/2022,199000,87.78,2267.031214,3,3 kambariu butas ,3,3,2012,https://domoplius.lt/skelbimai/parduodamas-3-kambariu-butas-vilniuje-pilaiteje-trakenu-g-7600717.html,Vilnius, Pilaiteje, Trakenu g.
5/30/2022,71900,34,2114.705882,2,2 kambariu butas ,7,12,,https://domoplius.lt/skelbimai/parduodamas-2-kambariu-butas-vilniuje-markuciuose-subaciaus-g-7600735.html,Vilnius, Markuciuose, Subaciaus g.
5/30/2022,395000,64,6171.875,3,3 kambariu butas ,4,5,2020,https://domoplius.lt/skelbimai/parduodamas-3-kambariu-butas-vilniuje-senamiestyje-saltiniu-g-7600723.html,Vilnius, Senamiestyje, Šaltiniu g.
5/30/2022,179990,70.63,2548.350559,3,3 kambariu butas ,1,3,1940,https://domoplius.lt/skelbimai/parduodamas-3-kambariu-butas-vilniuje-senamiestyje-m-dauksos-g-7600621.html,Vilnius, Senamiestyje, M. Daukšos g.
5/30/2022,77900,40,1947.5,2,2 kambariu butas ,7,12,1984,https://domoplius.lt/skelbimai/parduodamas-2-kambariu-butas-vilniuje-baltupiuose-baltupio-g-7600270.html,Vilnius, Baltupiuose, Baltupio g.
5/30/2022,30000,11,2727.272727,1,1 kambario butas ,3,5,1964,https://domoplius.lt/skelbimai/parduodamas-1-kambario-butas-vilniuje-senamiestyje-pelesos-g-7600093.html,Vilnius, Senamiestyje, Pelesos g.
5/30/2022,269922,123.14,2191.992854,4,4 kambariu butas ,5,7,2014,https://domoplius.lt/skelbimai/parduodamas-4-kambariu-butas-vilniuje-baltupiuose-ateities-g-7600063.html,Vilnius, Baltupiuose, Ateities g.
5/30/2022,143000,70.38,2031.827224,3,3 kambariu butas ,5,9,1994,https://domoplius.lt/skelbimai/parduodamas-3-kambariu-butas-vilniuje-pilaiteje-vyduno-g-7600072.html,Vilnius, Pilaiteje, Vyduno g.
5/30/2022,310000,69.2,4479.768786,2,2 kambariu butas ,4,4,2021,https://domoplius.lt/skelbimai/parduodamas-2-kambariu-butas-vilniuje-uzupyje-kriviu-g-7599934.html,Vilnius, Užupyje, Kriviu g.
5/30/2022,149900,59.97,2499.583125,2,2 kambariu butas ,9,9,1990,https://domoplius.lt/skelbimai/parduodamas-2-kambariu-butas-vilniuje-snipiskese-kalvariju-g-7599886.html,Vilnius, Šnipiškese, Kalvariju g.
5/30/2022,90000,51,1764.705882,4,4 kambariu butas ,1,2,1940,https://domoplius.lt/skelbimai/parduodamas-4-kambariu-butas-vilniuje-zveryne-vytauto-g-7599895.html,Vilnius, Žveryne, Vytauto g.
5/30/2022,150000,86.44,1735.307728,4,4 kambariu butas ,1,2,2022,https://domoplius.lt/skelbimai/parduodamas-4-kambariu-butas-vilniuje-pavilnyje-azeru-g-7599667.html,Vilnius, Pavilnyje, Azeru g.
5/30/2022,250000,66.01,3787.304954,3,3 kambariu butas ,1,3,1940,https://domoplius.lt/skelbimai/parduodamas-3-kambariu-butas-vilniuje-senamiestyje-pilies-g-7599619.html,Vilnius, Senamiestyje, Pilies g.
5/30/2022,185000,74.63,2478.895886,4,4 kambariu butas ,1,12,1979,https://domoplius.lt/skelbimai/parduodamas-4-kambariu-butas-vilniuje-zirmunuose-minties-g-7599613.html,Vilnius, Žirmunuose, Minties g.
5/30/2022,250000,66.01,3787.304954,2,2 kambariu butas ,1,3,1940,https://domoplius.lt/skelbimai/parduodamas-2-kambariu-butas-vilniuje-senamiestyje-pilies-g-7599616.html,Vilnius, Senamiestyje, Pilies g.
5/30/2022,835000,231,3614.718615,5,5 kambariu butas ,2,3,1940,https://domoplius.lt/skelbimai/parduodamas-5-kambariu-butas-vilniuje-uzupyje-uzupio-g-7599151.html,Vilnius, Užupyje, Užupio g.
5/30/2022,315000,101.23,3111.725773,3,3 kambariu butas ,1,3,1998,https://domoplius.lt/skelbimai/parduodamas-3-kambariu-butas-vilniuje-antakalnyje-nemencines-pl-7599124.html,Vilnius, Antakalnyje, Nemencines pl.
5/30/2022,279000,49,5693.877551,2,2 kambariu butas ,6,8,2019,https://domoplius.lt/skelbimai/parduodamas-2-kambariu-butas-vilniuje-zirmunuose-rinktines-g-7599004.html,Vilnius, Žirmunuose, Rinktines g.
5/30/2022,82500,44,1875,2,2 kambariu butas ,2,4,1964,https://domoplius.lt/skelbimai/parduodamas-2-kambariu-butas-vilniuje-grigiskese-7598920.html,Vilnius, Grigiškese,NULL
5/30/2022,170000,101.91,1668.138554,4,4 kambariu butas ,1,2,2021,https://domoplius.lt/skelbimai/parduodamas-4-kambariu-butas-vilniuje-pilaiteje-katniavos-g-7598935.html,Vilnius, Pilaiteje, Katniavos g.
5/30/2022,167800,47,3570.212766,2,2 kambariu butas ,1,4,2018,https://domoplius.lt/skelbimai/parduodamas-2-kambariu-butas-vilniuje-pilaiteje-elbingo-g-7598884.html,Vilnius, Pilaiteje, Elbingo g.
5/30/2022,99500,38,2618.421053,1,1 kambario butas ,11,12,2007,https://domoplius.lt/skelbimai/parduodamas-1-kambario-butas-vilniuje-pasilaiciuose-pavilnioniu-g-7606486.html,Vilnius, Pašilaiciuose, Pavilnioniu g.
5/30/2022,125000,55.02,2271.901127,2,2 kambariu butas ,9,12,2008,https://domoplius.lt/skelbimai/parduodamas-2-kambariu-butas-vilniuje-fabijoniskese-salomejos-neries-g-7598830.html,Vilnius, Fabijoniškese, Salomejos Neries g.
5/30/2022,142000,43.92,3233.151184,2,2 kambariu butas ,4,5,1967,https://domoplius.lt/skelbimai/parduodamas-2-kambariu-butas-vilniuje-naujamiestyje-algirdo-g-7598572.html,Vilnius, Naujamiestyje, Algirdo g.
5/30/2022,85000,30.25,2809.917355,1,1 kambario butas ,5,5,1966,https://domoplius.lt/skelbimai/parduodamas-1-kambario-butas-vilniuje-zirmunuose-zirmunu-g-7598485.html,Vilnius, Žirmunuose, Žirmunu g.
5/30/2022,75000,39,1923.076923,2,2 kambariu butas ,1,4,1938,https://domoplius.lt/skelbimai/parduodamas-2-kambariu-butas-vilniuje-senamiestyje-raugyklos-g-7598443.html,Vilnius, Senamiestyje, Raugyklos g.
5/30/2022,269922,123.14,2191.992854,4,4 kambariu butas ,5,7,2014,https://domoplius.lt/skelbimai/parduodamas-4-kambariu-butas-vilniuje-jeruzaleje-ateities-g-7598371.html,Vilnius, Jeruzaleje, Ateities g.
5/30/2022,112000,41.15,2721.749696,2,2 kambariu butas ,4,9,2021,https://domoplius.lt/skelbimai/parduodamas-2-kambariu-butas-vilniuje-virsuliskese-spaudos-g-7598338.html,Vilnius, Viršuliškese, Spaudos g.
5/30/2022,221717,83.04,2670.002408,3,3 kambariu butas ,8,9,2021,https://domoplius.lt/skelbimai/parduodamas-3-kambariu-butas-vilniuje-virsuliskese-spaudos-g-7598356.html,Vilnius, Viršuliškese, Spaudos g.
5/30/2022,224000,39,5743.589744,2,2 kambariu butas ,2,4,2017,https://domoplius.lt/skelbimai/parduodamas-2-kambariu-butas-vilniuje-senamiestyje-subaciaus-g-7598413.html,Vilnius, Senamiestyje, Subaciaus g.
5/30/2022,44900,17.94,2502.787068,1,1 kambario butas ,3,5,1974,https://domoplius.lt/skelbimai/parduodamas-1-kambario-butas-vilniuje-naujamiestyje-a-vivulskio-g-7598287.html,Vilnius, Naujamiestyje, A. Vivulskio g.
5/30/2022,338000,95.52,3538.525963,3,3 kambariu butas ,7,7,2001,https://domoplius.lt/skelbimai/parduodamas-3-kambariu-butas-vilniuje-zveryne-elniu-g-7598380.html,Vilnius, Žveryne, Elniu g.
5/30/2022,143000,46,3108.695652,2,2 kambariu butas ,2,7,2003,https://domoplius.lt/skelbimai/parduodamas-2-kambariu-butas-vilniuje-lazdyneliuose-jonazoliu-g-7598251.html,Vilnius, Lazdyneliuose, Jonažoliu g.
5/30/2022,35000,55,636.3636364,2,2 kambariu butas ,1,5,1969,https://domoplius.lt/skelbimai/parduodamas-2-kambariu-butas-vilniuje-naujininkuose-saltkalviu-g-7598092.html,Vilnius, Naujininkuose, Šaltkalviu g.
5/30/2022,135000,62,2177.419355,3,3 kambariu butas ,12,12,1976,https://domoplius.lt/skelbimai/parduodamas-3-kambariu-butas-vilniuje-senamiestyje-tyzenhauzu-g-7606516.html,Vilnius, Senamiestyje, Tyzenhauzu g.
5/30/2022,139900,70.06,1996.859834,3,3 kambariu butas ,3,9,1994,https://domoplius.lt/skelbimai/parduodamas-3-kambariu-butas-vilniuje-pilaiteje-karaliauciaus-g-7597966.html,Vilnius, Pilaiteje, Karaliauciaus g.
5/30/2022,93000,25,3720,2,2 kambariu butas ,3,3,1980,https://domoplius.lt/skelbimai/parduodamas-2-kambariu-butas-vilniuje-zirmunuose-kalvariju-g-7597729.html,Vilnius, Žirmunuose, Kalvariju g.
5/30/2022,93000,25,3720,2,2 kambariu butas ,3,3,1980,https://domoplius.lt/skelbimai/parduodamas-2-kambariu-butas-vilniuje-zirmunuose-kalvariju-g-7597732.html,Vilnius, Žirmunuose, Kalvariju g.
5/30/2022,93000,25,3720,2,2 kambariu butas ,3,3,1980,https://domoplius.lt/skelbimai/parduodamas-2-kambariu-butas-vilniuje-zirmunuose-kalvariju-g-7597726.html,Vilnius, Žirmunuose, Kalvariju g.
5/30/2022,123000,35,3514.285714,2,2 kambariu butas ,3,3,1980,https://domoplius.lt/skelbimai/parduodamas-2-kambariu-butas-vilniuje-zirmunuose-kalvariju-g-7597735.html,Vilnius, Žirmunuose, Kalvariju g.
5/30/2022,75000,27.37,2740.226525,2,2 kambariu butas ,9,9,1972,https://domoplius.lt/skelbimai/parduodamas-2-kambariu-butas-vilniuje-naujininkuose-saltkalviu-g-7597708.html,Vilnius, Naujininkuose, Šaltkalviu g.
5/30/2022,98500,41.78,2357.587362,2,2 kambariu butas ,2,5,1983,https://domoplius.lt/skelbimai/parduodamas-2-kambariu-butas-vilniuje-vilkpedeje-titnago-g-7606111.html,Vilnius, Vilkpedeje, Titnago g.
5/30/2022,98500,41.72,2360.977948,2,2 kambariu butas ,2,5,1983,https://domoplius.lt/skelbimai/parduodamas-2-kambariu-butas-vilniuje-zemieji-paneriai-titnago-g-7606114.html,Vilnius, Žemieji Paneriai, Titnago g.
5/30/2022,175500,70.89,2475.666526,3,3 kambariu butas ,1,9,2006,https://domoplius.lt/skelbimai/parduodamas-3-kambariu-butas-vilniuje-jeruzaleje-bitininku-g-7597621.html,Vilnius, Jeruzaleje, Bitininku g.
5/30/2022,170000,48,3541.666667,2,2 kambariu butas ,1,NULL,1950,https://domoplius.lt/skelbimai/parduodamas-2-kambariu-butas-vilniuje-senamiestyje-j-basanaviciaus-g-7597492.html,Vilnius, Senamiestyje, J. Basanaviciaus g.
5/30/2022,215000,106.4,2020.676692,4,4 kambariu butas ,1,2,2010,https://domoplius.lt/skelbimai/parduodamas-4-kambariu-butas-vilniuje-balsiuose-7597513.html,Vilnius, Balsiuose,NULL
5/30/2022,179000,66.63,2686.477563,3,3 kambariu butas ,4,4,2006,https://domoplius.lt/skelbimai/parduodamas-3-kambariu-butas-vilniuje-lazdynuose-7597552.html,Vilnius, Lazdynuose,NULL
5/30/2022,430000,159,2704.402516,4,4 kambariu butas ,4,4,1956,https://domoplius.lt/skelbimai/parduodamas-4-kambariu-butas-vilniuje-senamiestyje-a-stulginskio-g-7597516.html,Vilnius, Senamiestyje, A. Stulginskio g.
5/30/2022,189500,67.44,2809.905101,3,3 kambariu butas ,5,9,1966,https://domoplius.lt/skelbimai/parduodamas-3-kambariu-butas-vilniuje-snipiskese-7597378.html,Vilnius, Šnipiškese,NULL
5/30/2022,165000,75,2200,3,3 kambariu butas ,2,9,2008,https://domoplius.lt/skelbimai/parduodamas-3-kambariu-butas-vilniuje-pasilaiciuose-giruliu-g-7606609.html,Vilnius, Pašilaiciuose, Giruliu g.
5/30/2022,164000,47.89,3424.514512,2,2 kambariu butas ,1,9,2017,https://domoplius.lt/skelbimai/parduodamas-2-kambariu-butas-vilniuje-pilaiteje-m-mazvydo-g-7597171.html,Vilnius, Pilaiteje, M. Mažvydo g.
5/30/2022,250000,244,1024.590164,3,3 kambariu butas ,3,3,1997,https://domoplius.lt/skelbimai/parduodamas-3-kambariu-butas-vilniuje-santariskese-mykolo-marcinkeviciaus-g-7606444.html,Vilnius, Santariškese, Mykolo Marcinkeviciaus g.
5/30/2022,169000,119.11,1418.856519,3,3 kambariu butas ,4,6,1993,https://domoplius.lt/skelbimai/parduodamas-3-kambariu-butas-vilniuje-pasilaiciuose-laisves-pr-7606438.html,Vilnius, Pašilaiciuose, Laisves pr.
5/30/2022,1350000,196,6887.755102,4,4 kambariu butas ,5,NULL,1996,https://domoplius.lt/skelbimai/parduodamas-4-kambariu-butas-vilniuje-senamiestyje-teatro-g-7597132.html,Vilnius, Senamiestyje, Teatro g.
5/30/2022,107000,53.29,2007.881404,3,3 kambariu butas ,1,3,1969,https://domoplius.lt/skelbimai/parduodamas-3-kambariu-butas-vilniuje-traku-voke-j-tiskeviciaus-g-7597159.html,Vilnius, Traku Voke, J. Tiškeviciaus g.
5/30/2022,129000,59,2186.440678,2,2 kambariu butas ,5,15,2007,https://domoplius.lt/skelbimai/parduodamas-2-kambariu-butas-vilniuje-pasilaiciuose-pavilnioniu-g-7597033.html,Vilnius, Pašilaiciuose, Pavilnioniu g.
5/30/2022,198000,120,1650,4,4 kambariu butas ,1,2,2000,https://domoplius.lt/skelbimai/parduodamas-4-kambariu-butas-vilniuje-lazdynuose-7606228.html,Vilnius, Lazdynuose,NULL
5/30/2022,515000,126.71,4064.399021,3,3 kambariu butas ,15,NULL,2007,https://domoplius.lt/skelbimai/parduodamas-3-kambariu-butas-vilniuje-naujamiestyje-antano-tumeno-g-7596790.html,Vilnius, Naujamiestyje, Antano Tumeno g.
5/30/2022,660000,92,7173.913043,3,3 kambariu butas ,3,NULL,1940,https://domoplius.lt/skelbimai/parduodamas-3-kambariu-butas-vilniuje-senamiestyje-gedimino-pr-7596769.html,Vilnius, Senamiestyje, Gedimino pr.
5/30/2022,528000,96,5500,4,4 kambariu butas ,1,NULL,2009,https://domoplius.lt/skelbimai/parduodamas-4-kambariu-butas-vilniuje-senamiestyje-ausros-vartu-g-7596799.html,Vilnius, Senamiestyje, Aušros Vartu g.
5/30/2022,120000,47,2553.191489,2,2 kambariu butas ,1,4,2008,https://domoplius.lt/skelbimai/parduodamas-2-kambariu-butas-vilniuje-lazdyneliuose-lazdyneliu-g-7596727.html,Vilnius, Lazdyneliuose, Lazdyneliu g.
5/30/2022,264000,116.35,2269.0159,5,5 kambariu butas ,7,9,1983,https://domoplius.lt/skelbimai/parduodamas-5-kambariu-butas-vilniuje-zveryne-7606096.html,Vilnius, Žveryne,NULL
5/30/2022,700000,234,2991.452991,6,6 kambariu butas ,3,NULL,1940,https://domoplius.lt/skelbimai/parduodamas-6-kambariu-butas-vilniuje-naujamiestyje-m-k-ciurlionio-g-7596802.html,Vilnius, Naujamiestyje, M. K. Ciurlionio g.
5/30/2022,120000,50,2400,2,2 kambariu butas ,5,4,1989,https://domoplius.lt/skelbimai/parduodamas-2-kambariu-butas-vilniuje-grigiskese-7596865.html,Vilnius, Grigiškese,NULL
5/30/2022,115000,45,2555.555556,2,2 kambariu butas ,9,9,1978,https://domoplius.lt/skelbimai/parduodamas-2-kambariu-butas-vilniuje-karoliniskese-apolinaro-juozo-povilaicio-g-7606105.html,Vilnius, Karoliniškese, Apolinaro Juozo Povilaicio g.
5/30/2022,490000,73.86,6634.172759,2,2 kambariu butas ,3,NULL,2017,https://domoplius.lt/skelbimai/parduodamas-2-kambariu-butas-vilniuje-uzupyje-polocko-g-7596793.html,Vilnius, Užupyje, Polocko g.
5/30/2022,129000,70.15,1838.916607,3,3 kambariu butas ,7,9,1992,https://domoplius.lt/skelbimai/parduodamas-3-kambariu-butas-vilniuje-pilaiteje-7596634.html,Vilnius, Pilaiteje,NULL
5/30/2022,94000,59.16,1588.911427,2,2 kambariu butas ,1,5,1977,https://domoplius.lt/skelbimai/parduodamas-2-kambariu-butas-vilniuje-naujamiestyje-7605952.html,Vilnius, Naujamiestyje,NULL
5/30/2022,84900,44.39,1912.592926,2,2 kambariu butas ,5,5,1962,https://domoplius.lt/skelbimai/parduodamas-2-kambariu-butas-vilniuje-naujamiestyje-7605958.html,Vilnius, Naujamiestyje,NULL
5/30/2022,240000,165.39,1451.115545,4,4 kambariu butas ,1,2,2009,https://domoplius.lt/skelbimai/parduodamas-4-kambariu-butas-vilniuje-zemieji-paneriai-7605955.html,Vilnius, Žemieji Paneriai,NULL
5/30/2022,84900,44.39,1912.592926,2,2 kambariu butas ,5,5,1962,https://domoplius.lt/skelbimai/parduodamas-2-kambariu-butas-vilniuje-vilkpedeje-7596490.html,Vilnius, Vilkpedeje,NULL
5/30/2022,160000,43,3720.930233,2,2 kambariu butas ,4,4,2020,https://domoplius.lt/skelbimai/parduodamas-2-kambariu-butas-vilniuje-lazdyneliuose-lazdyneliu-g-7605706.html,Vilnius, Lazdyneliuose, Lazdyneliu g.
5/30/2022,310000,62,5000,2,2 kambariu butas ,1,3,2006,https://domoplius.lt/skelbimai/parduodamas-2-kambariu-butas-vilniuje-senamiestyje-stikliu-g-7596229.html,Vilnius, Senamiestyje, Stikliu g.
5/30/2022,89500,47,1904.255319,2,2 kambariu butas ,5,5,1973,https://domoplius.lt/skelbimai/parduodamas-2-kambariu-butas-vilniuje-karoliniskese-7595980.html,Vilnius, Karoliniškese,NULL
5/30/2022,105000,51,2058.823529,2,2 kambariu butas ,4,5,1973,https://domoplius.lt/skelbimai/parduodamas-2-kambariu-butas-vilniuje-karoliniskese-vido-maciuleviciaus-g-7605469.html,Vilnius, Karoliniškese, Vido Maciuleviciaus g.
5/30/2022,185200,71.79,2579.746483,4,4 kambariu butas ,3,8,2022,https://domoplius.lt/skelbimai/parduodamas-4-kambariu-butas-vilniuje-pilaiteje-karaliauciaus-g-7603210.html,Vilnius, Pilaiteje, Karaliauciaus g.
5/30/2022,182100,66.84,2724.416517,3,3 kambariu butas ,4,8,2022,https://domoplius.lt/skelbimai/parduodamas-3-kambariu-butas-vilniuje-pilaiteje-giluzio-g-7603192.html,Vilnius, Pilaiteje, Gilužio g.
5/30/2022,130000,35,3714.285714,1,1 kambario butas ,2,5,1987,https://domoplius.lt/skelbimai/parduodamas-1-kambario-butas-vilniuje-naujamiestyje-s-konarskio-g-7605367.html,Vilnius, Naujamiestyje, S. Konarskio g.
5/30/2022,50000,24.54,2037.489813,1,1 kambario butas ,1,1,1940,https://domoplius.lt/skelbimai/parduodamas-1-kambario-butas-vilniuje-zveryne-lokiu-g-7595848.html,Vilnius, Žveryne, Lokiu g.
5/30/2022,242000,92.69,2610.853382,4,4 kambariu butas ,1,4,1959,https://domoplius.lt/skelbimai/parduodamas-4-kambariu-butas-vilniuje-antakalnyje-silo-g-7595854.html,Vilnius, Antakalnyje, Šilo g.
5/30/2022,175000,55,3181.818182,2,2 kambariu butas ,3,4,2007,https://domoplius.lt/skelbimai/parduodamas-2-kambariu-butas-vilniuje-senamiestyje-sv-stepono-g-7595719.html,Vilnius, Senamiestyje, Šv. Stepono g.
5/30/2022,89500,47,1904.255319,2,2 kambariu butas ,5,5,1973,https://domoplius.lt/skelbimai/parduodamas-2-kambariu-butas-vilniuje-karoliniskese-loretos-asanaviciutes-g-7598278.html,Vilnius, Karoliniškese, Loretos Asanaviciutes g.
5/30/2022,135000,34.7,3890.489914,2,2 kambariu butas ,3,5,2022,https://domoplius.lt/skelbimai/parduodamas-2-kambariu-butas-vilniuje-antakalnyje-antakalnio-g-7595578.html,Vilnius, Antakalnyje, Antakalnio g.
5/30/2022,273315,68.5,3990,3,3 kambariu butas ,3,5,2022,https://domoplius.lt/skelbimai/parduodamas-3-kambariu-butas-vilniuje-antakalnyje-antakalnio-g-7595575.html,Vilnius, Antakalnyje, Antakalnio g.
5/30/2022,230000,73,3150.684932,3,3 kambariu butas ,12,12,1980,https://domoplius.lt/skelbimai/parduodamas-3-kambariu-butas-vilniuje-snipiskese-seimyniskiu-g-7604965.html,Vilnius, Šnipiškese, Šeimyniškiu g.
5/30/2022,145000,71,2042.253521,4,4 kambariu butas ,5,5,1966,https://domoplius.lt/skelbimai/parduodamas-4-kambariu-butas-vilniuje-antakalnyje-antakalnio-g-7604935.html,Vilnius, Antakalnyje, Antakalnio g.
5/30/2022,59900,26.46,2263.794407,2,2 kambariu butas ,9,9,1990,https://domoplius.lt/skelbimai/parduodamas-2-kambariu-butas-vilniuje-snipiskese-kalvariju-g-7595095.html,Vilnius, Šnipiškese, Kalvariju g.
5/30/2022,115000,44.39,2590.673575,2,2 kambariu butas ,1,11,2022,https://domoplius.lt/skelbimai/parduodamas-2-kambariu-butas-vilniuje-justiniskese-rygos-g-7604788.html,Vilnius, Justiniškese, Rygos g.
5/30/2022,98000,25.95,3776.493256,2,2 kambariu butas ,8,9,1990,https://domoplius.lt/skelbimai/parduodamas-2-kambariu-butas-vilniuje-zirmunuose-kalvariju-g-7595089.html,Vilnius, Žirmunuose, Kalvariju g.
5/30/2022,80000,45,1777.777778,2,2 kambariu butas ,2,3,1958,https://domoplius.lt/skelbimai/parduodamas-2-kambariu-butas-vilniuje-grigiskese-mokyklos-g-7604749.html,Vilnius, Grigiškese, Mokyklos g.
5/30/2022,145000,48.51,2989.074418,3,3 kambariu butas ,5,11,2022,https://domoplius.lt/skelbimai/parduodamas-3-kambariu-butas-vilniuje-justiniskese-rygos-g-7604791.html,Vilnius, Justiniškese, Rygos g.
5/30/2022,155000,45.85,3380.588877,2,2 kambariu butas ,3,7,2017,https://domoplius.lt/skelbimai/parduodamas-2-kambariu-butas-vilniuje-fabijoniskese-fabijoniskiu-g-7595074.html,Vilnius, Fabijoniškese, Fabijoniškiu g.
5/30/2022,920000,125,7360,3,3 kambariu butas ,5,5,2009,https://domoplius.lt/skelbimai/parduodamas-3-kambariu-butas-vilniuje-senamiestyje-saltiniu-g-7594981.html,Vilnius, Senamiestyje, Šaltiniu g.
5/30/2022,460000,148,3108.108108,4,4 kambariu butas ,1,2,2012,https://domoplius.lt/skelbimai/parduodamas-4-kambariu-butas-vilniuje-uzupyje-kriviu-g-7594978.html,Vilnius, Užupyje, Kriviu g.
5/30/2022,250000,51.81,4825.323297,3,3 kambariu butas ,5,5,2004,https://domoplius.lt/skelbimai/parduodamas-3-kambariu-butas-vilniuje-antakalnyje-l-sapiegos-g-7594912.html,Vilnius, Antakalnyje, L. Sapiegos g.
5/30/2022,240000,80.27,2989.909057,3,3 kambariu butas ,1,3,2017,https://domoplius.lt/skelbimai/parduodamas-3-kambariu-butas-vilniuje-tarandeje-gailasiu-g-7602520.html,Vilnius, Tarandeje, Gailašiu g.
5/30/2022,73300,33.57,2183.49717,1,1 kambario butas ,5,12,2023,https://domoplius.lt/skelbimai/parduodamas-1-kambario-butas-vilniuje-pasilaiciuose-perkunkiemio-g-7594519.html,Vilnius, Pašilaiciuose, Perkunkiemio g.
5/30/2022,98800,61.43,1608.33469,3,3 kambariu butas ,5,12,2023,https://domoplius.lt/skelbimai/parduodamas-3-kambariu-butas-vilniuje-pasilaiciuose-perkunkiemio-g-7594525.html,Vilnius, Pašilaiciuose, Perkunkiemio g.
5/30/2022,510075,84.31,6049.99407,3,3 kambariu butas ,5,7,2012,https://domoplius.lt/skelbimai/parduodamas-3-kambariu-butas-vilniuje-senamiestyje-m-k-ciurlionio-g-7594540.html,Vilnius, Senamiestyje, M. K. Ciurlionio g.
5/30/2022,94500,51.6,1831.395349,2,2 kambariu butas ,5,12,2023,https://domoplius.lt/skelbimai/parduodamas-2-kambariu-butas-vilniuje-pasilaiciuose-perkunkiemio-g-7594522.html,Vilnius, Pašilaiciuose, Perkunkiemio g.
5/30/2022,132000,62,2129.032258,3,3 kambariu butas ,1,6,1996,https://domoplius.lt/skelbimai/parduodamas-3-kambariu-butas-vilniuje-jeruzaleje-braskiu-g-7604080.html,Vilnius, Jeruzaleje, Braškiu g.
5/30/2022,200000,50.55,3956.478734,2,2 kambariu butas ,3,3,1940,https://domoplius.lt/skelbimai/parduodamas-2-kambariu-butas-vilniuje-senamiestyje-arimu-sodu-g-7594363.html,Vilnius, Senamiestyje, Arimu Sodu g.
5/30/2022,138900,63.21,2197.437114,3,3 kambariu butas ,2,4,1984,https://domoplius.lt/skelbimai/parduodamas-3-kambariu-butas-vilniuje-buivydiskese-helsinkio-g-7594378.html,Vilnius, Buivydiškese, Helsinkio g.
5/30/2022,244000,60,4066.666667,3,3 kambariu butas ,3,1,1940,https://domoplius.lt/skelbimai/parduodamas-3-kambariu-butas-vilniuje-senamiestyje-gelezinkelio-g-7604116.html,Vilnius, Senamiestyje, Geležinkelio g.
5/30/2022,123000,35,3514.285714,2,2 kambariu butas ,3,3,2022,https://domoplius.lt/skelbimai/parduodamas-2-kambariu-butas-vilniuje-baltupiuose-7594231.html,Vilnius, Baltupiuose,NULL
5/30/2022,145000,42,3452.380952,2,2 kambariu butas ,2,3,1955,https://domoplius.lt/skelbimai/parduodamas-2-kambariu-butas-vilniuje-zveryne-blindziu-g-7594225.html,Vilnius, Žveryne, Blindžiu g.
5/30/2022,174500,77,2266.233766,3,3 kambariu butas ,3,5,1958,https://domoplius.lt/skelbimai/parduodamas-3-kambariu-butas-vilniuje-naujamiestyje-gelezinio-vilko-g-7594174.html,Vilnius, Naujamiestyje, Geležinio Vilko g.
5/30/2022,267420,64.1,4171.918877,3,3 kambariu butas ,3,4,2023,https://domoplius.lt/skelbimai/parduodamas-3-kambariu-butas-vilniuje-uzupyje-polocko-g-7594159.html,Vilnius, Užupyje, Polocko g.
5/30/2022,239000,70,3414.285714,2,2 kambariu butas ,4,4,2007,https://domoplius.lt/skelbimai/parduodamas-2-kambariu-butas-vilniuje-karoliniskese-igno-simulionio-g-7593889.html,Vilnius, Karoliniškese, Igno Šimulionio g.
5/30/2022,67000,37.5,1786.666667,2,2 kambariu butas ,3,3,2020,https://domoplius.lt/skelbimai/parduodamas-2-kambariu-butas-vilniuje-karoliniskese-vido-maciuleviciaus-g-7593637.html,Vilnius, Karoliniškese, Vido Maciuleviciaus g.
5/30/2022,122990,50.2,2450,2,2 kambariu butas ,2,3,2022,https://domoplius.lt/skelbimai/parduodamas-2-kambariu-butas-vilniuje-buivydiskese-7603453.html,Vilnius, Buivydiškese,NULL
5/30/2022,309000,67.56,4573.712256,2,2 kambariu butas ,2,3,2022,https://domoplius.lt/skelbimai/parduodamas-2-kambariu-butas-vilniuje-antakalnyje-nemencines-pl-7593526.html,Vilnius, Antakalnyje, Nemencines pl.
5/30/2022,249000,52.71,4723.961298,2,2 kambariu butas ,1,3,2022,https://domoplius.lt/skelbimai/parduodamas-2-kambariu-butas-vilniuje-antakalnyje-nemencines-pl-7593529.html,Vilnius, Antakalnyje, Nemencines pl.
5/30/2022,79000,33,2393.939394,1,1 kambario butas ,4,5,1978,https://domoplius.lt/skelbimai/parduodamas-1-kambario-butas-vilniuje-karoliniskese-vido-maciuleviciaus-g-7593460.html,Vilnius, Karoliniškese, Vido Maciuleviciaus g.
5/30/2022,159000,33,4818.181818,1,1 kambario butas ,1,2,1912,https://domoplius.lt/skelbimai/parduodamas-1-kambario-butas-vilniuje-senamiestyje-tilto-g-7594036.html,Vilnius, Senamiestyje, Tilto g.
5/30/2022,189000,45,4200,2,2 kambariu butas ,6,NULL,2009,https://domoplius.lt/skelbimai/parduodamas-2-kambariu-butas-vilniuje-senamiestyje-gedimino-pr-7593289.html,Vilnius, Senamiestyje, Gedimino pr.
5/30/2022,175000,36.59,4782.727521,2,2 kambariu butas ,1,NULL,1957,https://domoplius.lt/skelbimai/parduodamas-2-kambariu-butas-vilniuje-senamiestyje-a-vienuolio-g-7593136.html,Vilnius, Senamiestyje, A. Vienuolio g.
5/30/2022,118000,37.22,3170.338528,2,2 kambariu butas ,4,4,1940,https://domoplius.lt/skelbimai/parduodamas-2-kambariu-butas-vilniuje-senamiestyje-ausros-vartu-g-7593130.html,Vilnius, Senamiestyje, Aušros Vartu g.
5/30/2022,75000,28,2678.571429,1,1 kambario butas ,4,9,1969,https://domoplius.lt/skelbimai/parduodamas-1-kambario-butas-vilniuje-snipiskese-kalvariju-g-7603099.html,Vilnius, Šnipiškese, Kalvariju g.
5/30/2022,89000,42,2119.047619,2,2 kambariu butas ,8,12,1978,https://domoplius.lt/skelbimai/parduodamas-2-kambariu-butas-vilniuje-naujamiestyje-zemaites-g-7593094.html,Vilnius, Naujamiestyje, Žemaites g.
5/30/2022,245000,84,2916.666667,3,3 kambariu butas ,3,9,2009,https://domoplius.lt/skelbimai/parduodamas-3-kambariu-butas-vilniuje-siaures-miestelis-s-zukausko-g-7593070.html,Vilnius, Šiaures miestelis, S. Žukausko g.
5/30/2022,150000,53,2830.188679,2,2 kambariu butas ,2,8,2008,https://domoplius.lt/skelbimai/parduodamas-2-kambariu-butas-vilniuje-siaures-miestelis-s-zukausko-g-7602985.html,Vilnius, Šiaures miestelis, S. Žukausko g.
5/30/2022,95000,47.42,2003.374104,2,2 kambariu butas ,4,NULL,1978,https://domoplius.lt/skelbimai/parduodamas-2-kambariu-butas-vilniuje-virsuliskese-tuju-g-7592830.html,Vilnius, Viršuliškese, Tuju g.
5/30/2022,229000,56,4089.285714,2,2 kambariu butas ,3,3,1940,https://domoplius.lt/skelbimai/parduodamas-2-kambariu-butas-vilniuje-senamiestyje-7602832.html,Vilnius, Senamiestyje,NULL
5/30/2022,279000,49,5693.877551,2,2 kambariu butas ,6,8,2019,https://domoplius.lt/skelbimai/parduodamas-2-kambariu-butas-vilniuje-snipiskese-7602838.html,Vilnius, Šnipiškese,NULL
5/30/2022,248000,151,1642.384106,4,4 kambariu butas ,1,2,2022,https://domoplius.lt/skelbimai/parduodamas-4-kambariu-butas-vilniuje-antakalnyje-7592701.html,Vilnius, Antakalnyje,NULL
5/30/2022,249000,52.71,4723.961298,2,2 kambariu butas ,1,3,2022,https://domoplius.lt/skelbimai/parduodamas-2-kambariu-butas-vilniuje-valakampiuose-nemencines-pl-7592668.html,Vilnius, Valakampiuose, Nemencines pl.
5/30/2022,309000,67.56,4573.712256,2,2 kambariu butas ,2,3,2022,https://domoplius.lt/skelbimai/parduodamas-2-kambariu-butas-vilniuje-valakampiuose-nemencines-pl-7592665.html,Vilnius, Valakampiuose, Nemencines pl.
5/30/2022,299000,67.63,4421.11489,2,2 kambariu butas ,1,3,2022,https://domoplius.lt/skelbimai/parduodamas-2-kambariu-butas-vilniuje-valakampiuose-nemencines-pl-7592620.html,Vilnius, Valakampiuose, Nemencines pl.
5/30/2022,299000,67.63,4421.11489,2,2 kambariu butas ,1,3,2022,https://domoplius.lt/skelbimai/parduodamas-2-kambariu-butas-vilniuje-antakalnyje-nemencines-pl-7592623.html,Vilnius, Antakalnyje, Nemencines pl.
5/30/2022,199500,43.5,4586.206897,2,2 kambariu butas ,1,3,2006,https://domoplius.lt/skelbimai/parduodamas-2-kambariu-butas-vilniuje-senamiestyje-subaciaus-g-7592317.html,Vilnius, Senamiestyje, Subaciaus g.
5/30/2022,799000,162,4932.098765,5,5 kambariu butas ,3,4,2007,https://domoplius.lt/skelbimai/parduodamas-5-kambariu-butas-vilniuje-zveryne-blindziu-g-7602097.html,Vilnius, Žveryne, Blindžiu g.
5/30/2022,155800,38,4100,2,2 kambariu butas ,5,7,2018,https://domoplius.lt/skelbimai/parduodamas-2-kambariu-butas-vilniuje-naujamiestyje-egliu-g-7602088.html,Vilnius, Naujamiestyje, Egliu g.
5/30/2022,219000,73.19,2992.212051,4,4 kambariu butas ,5,5,2020,https://domoplius.lt/skelbimai/parduodamas-4-kambariu-butas-vilniuje-pasilaiciuose-budiniskiu-g-7602112.html,Vilnius, Pašilaiciuose, Budiniškiu g.
5/30/2022,125000,50,2500,2,2 kambariu butas ,5,5,1968,https://domoplius.lt/skelbimai/parduodamas-2-kambariu-butas-vilniuje-antakalnyje-antakalnio-g-7592218.html,Vilnius, Antakalnyje, Antakalnio g.
5/30/2022,71400,28,2550,1,1 kambario butas ,6,9,1975,https://domoplius.lt/skelbimai/parduodamas-1-kambario-butas-vilniuje-naujamiestyje-statybininku-g-7592224.html,Vilnius, Naujamiestyje, Statybininku g.
5/30/2022,461000,102.26,4508.116566,3,3 kambariu butas ,2,NULL,2007,https://domoplius.lt/skelbimai/parduodamas-3-kambariu-butas-vilniuje-naujamiestyje-v-mykolaicio-putino-g-7591906.html,Vilnius, Naujamiestyje, V. Mykolaicio-Putino g.
5/30/2022,650000,245,2653.061224,5,5 kambariu butas ,1,NULL,1995,https://domoplius.lt/skelbimai/parduodamas-5-kambariu-butas-vilniuje-uzupyje-polocko-g-7591960.html,Vilnius, Užupyje, Polocko g.
5/30/2022,430000,159.02,2704.062382,5,5 kambariu butas ,5,NULL,1956,https://domoplius.lt/skelbimai/parduodamas-5-kambariu-butas-vilniuje-naujamiestyje-a-stulginskio-g-7591903.html,Vilnius, Naujamiestyje, A. Stulginskio g.
5/30/2022,130000,60.04,2165.223185,3,3 kambariu butas ,1,11,2022,https://domoplius.lt/skelbimai/parduodamas-3-kambariu-butas-vilniuje-justiniskese-rygos-g-7601623.html,Vilnius, Justiniškese, Rygos g.
5/30/2022,600000,128,4687.5,4,4 kambariu butas ,3,3,2016,https://domoplius.lt/skelbimai/parduodamas-4-kambariu-butas-vilniuje-zveryne-seliu-g-7591855.html,Vilnius, Žveryne, Seliu g.
5/30/2022,135000,54.21,2490.31544,2,2 kambariu butas ,7,11,2022,https://domoplius.lt/skelbimai/parduodamas-2-kambariu-butas-vilniuje-justiniskese-rygos-g-7601404.html,Vilnius, Justiniškese, Rygos g.
5/30/2022,920000,154,5974.025974,4,4 kambariu butas ,5,5,2009,https://domoplius.lt/skelbimai/parduodamas-4-kambariu-butas-vilniuje-senamiestyje-saltiniu-g-7601380.html,Vilnius, Senamiestyje, Šaltiniu g.
5/30/2022,229000,56,4089.285714,3,3 kambariu butas ,3,3,1940,https://domoplius.lt/skelbimai/parduodamas-3-kambariu-butas-vilniuje-senamiestyje-7601293.html,Vilnius, Senamiestyje,NULL
